{"cameraMode":{"drawMode":0,"name":"Shaded","section":"Shading Mode"},"sceneLighting":true,"audioPlay":false,"sceneViewState":{"showFog":true,"showMaterialUpdate":false,"showSkybox":true,"showFlares":true,"showImageEffects":true,"showParticleSystems":true},"in2DMode":false,"pivot":{"x":3.5693020820617677,"y":1.7767910957336426,"z":-23.566741943359376},"rotation":{"x":-0.3133409023284912,"y":0.32144370675086977,"z":-0.113637775182724,"w":-0.8863401412963867},"size":3.1256351470947267,"orthographic":false}